Company,Year,Total Assets,Total Liabilities,Working Capital,Operating Cash Flow,Investing Cash Flow,Financing Cash Flow,Free Cash Flow,Revenue,Net Income,EBITDA,CIK,EBITDA Margin,CapEx Margin,Revenue Growth Rate
1559720,2021,13708474000.0,8932761000.0,6027098000.0,2189694000.0,-1351955000.0,1431159000.0,2164372000.0,5991760000.0,-352034000.0,-190115000.0,0001559720,-0.03172940838751886,0.004226137228460419,
1559720,2022,16038000000.0,10478000000.0,6883000000.0,3430000000.0,-28000000.0,-689000000.0,3405000000.0,8399000000.0,1893000000.0,1993100000.0,0001559720,0.23730205976902013,0.002976544826765091,0.401758414889782
1559720,2023,20645000000.0,12480000000.0,6559000000.0,3884000000.0,-1042000000.0,-2430000000.0,3884000000.0,9917000000.0,4792000000.0,4849000000.0,0001559720,0.4889583543410306,0.0,0.18073580188117633
