Company,Year,Total Assets,Total Liabilities,Working Capital,Operating Cash Flow,Investing Cash Flow,Financing Cash Flow,Free Cash Flow,Revenue,Net Income,EBITDA,CIK,EBITDA Margin,CapEx Margin,Revenue Growth Rate
2969,2021,26859200000.0,12771200000.0,5577200000.0,3335200000.0,-2732900000.0,-1420900000.0,871000000.0,10323000000.0,2099100000.0,2136300000.0,0000002969,0.2069456553327521,0.23870967741935484,
2969,2022,27192600000.0,13490200000.0,2817100000.0,3170600000.0,-3857200000.0,-1000600000.0,244100000.0,12698600000.0,2256100000.0,2291600000.0,0000002969,0.1804608382026365,0.23045847573748288,0.23012690109464304
2969,2023,32002500000.0,16342200000.0,1304700000.0,3205700000.0,-5916400000.0,1609600000.0,-1420700000.0,12600000000.0,2300200000.0,2332700000.0,0000002969,0.18513492063492062,0.36717460317460315,-0.007764635471626794
